batter_id,season,player_name,n_pitches,n_swings,n_bbe,n_barrels,avg_launch_speed,avg_launch_angle,avg_bat_speed,avg_swing_length,n_pa,swing_pct,barrel_pct_bbe,barrel_pct_swing,woba
488726,2023,"Brantley, Michael",220,88,53,1,87.00769230769231,16.987179487179485,67.37764705882353,6.5976470588235285,57,0.4,0.018867924528301886,0.011363636363636364,0.309
500871,2023,"Escobar, Eduardo",1239,626,213,9,81.3843373493976,18.443373493975905,66.44718309859155,6.745422535211268,309,0.5052461662631155,0.04225352112676056,0.01437699680511182,0.267
502054,2023,"Pham, Tommy",1922,777,326,32,85.93817204301075,10.736559139784946,72.12617801047121,6.880366492146598,481,0.40426638917793967,0.09815950920245399,0.04118404118404118,0.332
502054,2024,"Pham, Tommy",1923,779,335,27,84.54765217391305,14.734375,71.29763779527559,6.820997375328084,479,0.4050962038481539,0.08059701492537313,0.03465982028241335,0.297
502054,2025,"Pham, Tommy",1715,729,303,20,85.0325,9.183556405353729,71.6210970464135,6.948101265822785,450,0.4250728862973761,0.066006600660066,0.027434842249657063,0.308
502110,2023,"Martinez, J.D.",1874,989,292,49,85.52545155993433,18.364532019704434,70.83216560509554,8.35796178343949,480,0.5277481323372465,0.1678082191780822,0.04954499494438827,0.369
502110,2024,"Martinez, J.D.",2054,996,295,39,83.3998435054773,19.581903276131044,70.75914438502674,8.34994652406417,495,0.48490749756572543,0.13220338983050847,0.0391566265060241,0.318
502671,2023,"Goldschmidt, Paul",2871,1252,435,54,84.79393232205366,19.102683780630105,71.00895238095238,7.488380952380952,688,0.43608498780912575,0.12413793103448276,0.04313099041533546,0.35
502671,2024,"Goldschmidt, Paul",2728,1297,428,51,84.58418708240535,18.602449888641427,71.17442810457516,7.706290849673203,656,0.47543988269794724,0.1191588785046729,0.03932151117964534,0.31
502671,2025,"Goldschmidt, Paul",2109,999,391,39,85.0076510067114,23.041610738255034,71.37892603850051,7.516008105369807,534,0.47368421052631576,0.09974424552429667,0.03903903903903904,0.316
514888,2023,"Altuve, Jose",1561,702,290,25,80.64666666666666,10.613678373382625,68.51950672645741,7.656502242152467,410,0.4497117232543241,0.08620689655172414,0.03561253561253561,0.393
514888,2024,"Altuve, Jose",2461,1263,509,33,80.97609649122806,14.643326039387308,66.70167253521127,7.6781690140845065,683,0.5132060138155221,0.06483300589390963,0.026128266033254157,0.344
514888,2025,"Altuve, Jose",2334,1156,486,31,80.8527972027972,17.462790697674418,66.68474885844749,7.415799086757991,654,0.4952870608397601,0.06378600823045268,0.026816608996539794,0.331
516782,2023,"Marte, Starling",1275,683,248,12,81.57254901960785,8.468409586056644,66.90357142857142,7.2,341,0.5356862745098039,0.04838709677419355,0.017569546120058566,0.278
516782,2024,"Marte, Starling",1423,712,259,15,81.61125,9.24375,69.64403100775193,7.090387596899225,370,0.500351370344343,0.05791505791505792,0.021067415730337078,0.313
516782,2025,"Marte, Starling",1256,624,230,19,81.05990566037737,13.334905660377359,70.0777049180328,7.112786885245902,329,0.4968152866242038,0.08260869565217391,0.030448717948717948,0.326
518595,2023,"d'Arnaud, Travis",1118,580,201,19,83.71658163265306,16.40203562340967,71.42363636363636,7.618181818181818,292,0.518783542039356,0.0945273631840796,0.032758620689655175,0.297
518595,2024,"d'Arnaud, Travis",1355,686,222,25,83.61999999999999,16.610091743119266,70.03057432432432,7.715202702702702,341,0.5062730627306273,0.11261261261261261,0.03644314868804665,0.319
518595,2025,"d'Arnaud, Travis",873,473,140,20,82.63071895424837,19.522875816993466,68.7674672489083,7.637991266375545,231,0.5418098510882016,0.14285714285714285,0.042283298097251586,0.263
518692,2023,"Freeman, Freddie",2794,1404,521,60,83.70094876660342,18.386729857819905,69.11282051282052,6.693269230769231,732,0.5025053686471009,0.11516314779270634,0.042735042735042736,0.411
518692,2024,"Freeman, Freddie",2551,1245,450,41,82.9677555321391,17.26736842105263,68.3763779527559,6.708136482939632,640,0.4880439043512348,0.09111111111111111,0.03293172690763052,0.365
518692,2025,"Freeman, Freddie",2407,1236,433,47,84.36729411764705,16.951764705882354,68.26570247933884,6.797933884297521,628,0.5135022850020773,0.10854503464203233,0.03802588996763754,0.37
518934,2023,"LeMahieu, DJ",2262,884,374,20,83.93663220088627,13.877400295420975,66.61011235955057,7.176966292134831,563,0.39080459770114945,0.053475935828877004,0.02262443438914027,0.315
518934,2024,"LeMahieu, DJ",846,377,173,9,84.752,12.548172757475083,65.22932551319649,7.024046920821114,228,0.44562647754137114,0.05202312138728324,0.023872679045092837,0.239
518934,2025,"LeMahieu, DJ",539,227,93,4,86.77784431137724,13.125748502994012,65.53254716981132,7.063207547169812,144,0.42115027829313545,0.043010752688172046,0.01762114537444934,0.304
519203,2023,"Rizzo, Anthony",1676,809,277,22,82.9578947368421,17.555166374781084,67.59685039370078,6.762992125984252,421,0.48269689737470167,0.07942238267148015,0.027194066749072928,0.312
519203,2024,"Rizzo, Anthony",1433,703,274,10,82.2243093922652,17.136029411764707,66.98638655462184,6.686050420168067,376,0.49057920446615494,0.0364963503649635,0.01422475106685633,0.285
519317,2023,"Stanton, Giancarlo",1733,731,248,39,84.2635761589404,18.417218543046356,79.08802816901408,8.42887323943662,415,0.4218118869013272,0.15725806451612903,0.0533515731874145,0.297
519317,2024,"Stanton, Giancarlo",1841,857,276,58,86.70157170923379,20.198039215686276,79.60704225352113,8.46606914212548,461,0.465507876154264,0.21014492753623187,0.0676779463243874,0.33
519317,2025,"Stanton, Giancarlo",1222,503,154,33,86.27176870748299,19.904761904761905,78.97575757575757,8.717777777777778,281,0.411620294599018,0.21428571428571427,0.06560636182902585,0.395
521692,2023,"Perez, Salvador",2082,1240,411,38,83.6567331670823,18.022443890274314,71.16192384769539,7.896993987975952,583,0.595581171950048,0.09245742092457421,0.03064516129032258,0.302
521692,2024,"Perez, Salvador",2333,1330,467,66,84.86033333333333,20.277469478357382,71.7570411392405,7.916613924050633,653,0.5700814402057437,0.14132762312633834,0.04962406015037594,0.335
521692,2025,"Perez, Salvador",2287,1301,473,72,84.00604026845637,20.395530726256982,71.31245105716523,7.8363351605324985,641,0.5688675120244863,0.1522198731501057,0.05534204458109147,0.311
527038,2023,"Flores, Wilmer",1881,842,345,34,81.54640234948604,22.816715542521994,65.88190045248868,6.9918552036199095,455,0.44763423710792133,0.09855072463768116,0.040380047505938245,0.368
527038,2024,"Flores, Wilmer",966,423,186,11,79.242,23.28857142857143,64.06914600550964,6.794214876033059,243,0.43788819875776397,0.05913978494623656,0.026004728132387706,0.262
527038,2025,"Flores, Wilmer",1922,896,334,22,81.36366322008863,21.101769911504423,63.62380396732789,6.816336056009336,465,0.46618106139438087,0.0658682634730539,0.024553571428571428,0.302
542303,2023,"Ozuna, Marcell",2372,1146,398,65,84.58492268041236,17.28056628056628,73.2398832684825,7.3998054474708175,592,0.4831365935919056,0.16331658291457288,0.056719022687609075,0.381
542303,2024,"Ozuna, Marcell",2885,1345,440,70,85.08302961275626,18.5125,72.33336019339242,7.302256244963739,689,0.4662045060658579,0.1590909090909091,0.05204460966542751,0.395
542303,2025,"Ozuna, Marcell",2643,1039,350,39,82.98716502115656,18.484507042253522,70.97733598409542,7.125447316103379,592,0.39311388573590617,0.11142857142857143,0.03753609239653513,0.334
543068,2023,"Cron, C.J.",1068,508,195,26,81.75014492753623,16.620289855072464,71.26627218934911,8.15207100591716,278,0.4756554307116105,0.13333333333333333,0.051181102362204724,0.312
543760,2023,"Semien, Marcus",2806,1319,565,42,82.9929411764706,20.08912830558276,67.0143137254902,7.52078431372549,754,0.470064148253742,0.0743362831858407,0.03184230477634572,0.354
543760,2024,"Semien, Marcus",2635,1313,546,30,82.4,18.98980632008155,66.30436893203883,7.601456310679612,718,0.498292220113852,0.054945054945054944,0.02284843869002285,0.306
543760,2025,"Semien, Marcus",2076,1016,386,26,81.93819163292846,19.36842105263158,66.42539021852238,7.670967741935484,535,0.48940269749518306,0.06735751295336788,0.025590551181102362,0.295
543807,2023,"Springer, George",2541,1246,491,38,81.83803131991051,12.621229050279329,70.68523725834798,7.466080843585237,683,0.4903581267217631,0.07739307535641547,0.030497592295345103,0.32
543807,2024,"Springer, George",2307,1131,432,41,81.47259923175416,12.046094750320103,69.58823529411765,7.374288425047438,614,0.49024707412223667,0.09490740740740741,0.036251105216622455,0.298
543807,2025,"Springer, George",2314,1066,391,58,83.41648501362397,18.980926430517712,71.37034146341465,7.438634146341464,586,0.4606741573033708,0.1483375959079284,0.054409005628517824,0.408
543939,2023,"Wong, Kolten",986,471,174,6,80.04956268221575,18.620991253644316,68.68818897637794,6.619685039370079,250,0.4776876267748479,0.034482758620689655,0.012738853503184714,0.236
545361,2023,"Trout, Mike",1555,687,206,34,83.72566371681415,23.50221238938053,72.25,7.2375,363,0.4418006430868167,0.1650485436893204,0.049490538573508006,0.368
545361,2024,"Trout, Mike",578,244,82,15,82.0423076923077,24.43169398907104,73.23444976076556,7.469377990430622,126,0.42214532871972316,0.18292682926829268,0.06147540983606557,0.365
545361,2025,"Trout, Mike",2511,962,284,44,82.98123980424144,23.07779578606159,71.952,7.383473684210527,558,0.3831142970927917,0.15492957746478872,0.04573804573804574,0.343
547180,2023,"Harper, Bryce",2053,1039,342,51,84.46846153846154,12.986196319018404,73.79196078431373,7.279803921568627,546,0.5060886507549927,0.14912280701754385,0.04908565928777671,0.384
547180,2024,"Harper, Bryce",2515,1305,415,40,83.54308390022676,17.590960451977402,72.4596694214876,7.219917355371901,631,0.5188866799204771,0.0963855421686747,0.03065134099616858,0.38
547180,2025,"Harper, Bryce",2195,1178,383,46,84.14242424242424,16.260526315789473,72.31401218450827,7.273020017406441,580,0.5366742596810934,0.12010443864229765,0.03904923599320883,0.361
547989,2023,"Abreu, José",2407,1203,416,37,82.42096385542168,16.729016786570742,72.13218884120171,7.259656652360515,595,0.49979227253842956,0.0889423076923077,0.030756442227763924,0.295
547989,2024,"Abreu, José",486,249,86,2,82.38719512195122,13.079268292682928,71.16949152542372,6.983050847457627,120,0.5123456790123457,0.023255813953488372,0.008032128514056224,0.164
553993,2023,"Suárez, Eugenio",2907,1293,395,45,82.53717791411043,17.950920245398773,70.16929674099485,7.744596912521441,695,0.44478844169246645,0.11392405063291139,0.03480278422273782,0.313
553993,2024,"Suárez, Eugenio",2543,1200,406,49,83.09711779448621,19.17125,69.92766519823788,7.714977973568282,641,0.47188360204482893,0.1206896551724138,0.04083333333333333,0.337
553993,2025,"Suárez, Eugenio",2619,1314,399,56,83.90200501253133,18.2531328320802,69.4890625,7.703359375,660,0.5017182130584192,0.14035087719298245,0.0426179604261796,0.347
571448,2023,"Arenado, Nolan",2306,1108,467,44,83.5128841607565,18.21985815602837,69.19032258064516,8.197695852534563,614,0.48048568950563747,0.09421841541755889,0.039711191335740074,0.327
571448,2024,"Arenado, Nolan",2463,1148,493,25,82.31172566371681,19.585176991150444,68.73510540788267,8.173510540788268,635,0.46609825416159156,0.05070993914807302,0.02177700348432056,0.314
571448,2025,"Arenado, Nolan",1603,778,356,21,83.2049504950495,20.00658978583196,69.38469520103762,8.35745784695201,437,0.48533998752339363,0.05898876404494382,0.02699228791773779,0.287
571970,2023,"Muncy, Max",2504,976,335,47,84.67035881435257,21.660436137071652,69.63101123595506,7.05123595505618,579,0.38977635782747605,0.14029850746268657,0.04815573770491803,0.344
571970,2024,"Muncy, Max",1221,491,166,17,84.0577287066246,23.974763406940063,69.78664921465969,7.104973821989528,294,0.4021294021294021,0.10240963855421686,0.034623217922606926,0.362
571970,2025,"Muncy, Max",1660,699,235,39,84.45734989648034,21.128099173553718,68.99278195488722,6.92406015037594,388,0.4210843373493976,0.16595744680851063,0.055793991416309016,0.366
572228,2023,"Voit, Luke",284,140,41,4,82.54084507042253,13.943661971830986,,,74,0.49295774647887325,0.0975609756097561,0.02857142857142857,0.251
572233,2023,"Walker, Christian",2687,1297,463,56,82.23395810363837,19.92511013215859,72.763738317757,7.373271028037383,665,0.48269445478228507,0.12095032397408208,0.04317656129529684,0.351
572233,2024,"Walker, Christian",2326,1112,354,56,83.19003880983182,22.087968952134542,72.76456692913386,7.459744094488189,553,0.47807394668959585,0.15819209039548024,0.050359712230215826,0.343
572233,2025,"Walker, Christian",2519,1313,412,53,83.57927400468384,21.023391812865498,71.61597817614965,7.409353078721747,640,0.5212385867407702,0.12864077669902912,0.04036557501904037,0.31
575929,2023,"Contreras, Willson",1956,946,320,38,82.65838607594937,12.58609794628752,73.8411003236246,7.548867313915857,495,0.483640081799591,0.11875,0.040169133192389,0.358
575929,2024,"Contreras, Willson",1391,688,205,21,83.59268867924528,17.82311320754717,74.06053459119497,7.7794025157232705,358,0.49460819554277496,0.1024390243902439,0.030523255813953487,0.37
575929,2025,"Contreras, Willson",2163,1048,353,54,83.57604617604618,14.53525179856115,74.132944606414,7.863265306122449,563,0.4845122515025428,0.1529745042492918,0.05152671755725191,0.344
592178,2023,"Bryant, Kris",1282,588,232,17,80.04865525672372,17.7390243902439,67.84969325153374,8.00920245398773,335,0.45865834633385333,0.07327586206896551,0.02891156462585034,0.302
592178,2024,"Bryant, Kris",608,290,86,4,80.19583333333333,16.875,68.01851851851852,7.887242798353909,155,0.4769736842105263,0.046511627906976744,0.013793103448275862,0.287
592178,2025,"Bryant, Kris",167,84,26,2,81.3391304347826,12.5,68.80493827160494,7.807407407407407,41,0.5029940119760479,0.07692307692307693,0.023809523809523808,0.181
592206,2023,"Castellanos, Nick",2433,1365,447,45,82.25837320574162,15.009546539379475,70.98221070811744,7.600518134715026,673,0.561035758323058,0.10067114093959731,0.03296703296703297,0.335
592206,2024,"Castellanos, Nick",2355,1360,469,44,82.0889137737962,16.171140939597315,70.25855784469097,7.488034865293185,662,0.5774946921443737,0.09381663113006397,0.03235294117647059,0.321
592206,2025,"Castellanos, Nick",2168,1274,420,31,81.26408706166868,15.239470517448856,68.73427192276749,7.629042638777152,590,0.5876383763837638,0.07380952380952381,0.02433281004709576,0.3
592450,2023,"Judge, Aaron",1936,785,240,66,88.01231422505309,19.62076271186441,74.79427083333333,7.9906250000000005,458,0.40547520661157027,0.275,0.0840764331210191,0.42
592450,2024,"Judge, Aaron",2958,1213,390,103,87.594851994852,22.424710424710426,75.68122743682311,8.11615523465704,704,0.4100743745774172,0.2641025641025641,0.08491343775762572,0.476
592450,2025,"Judge, Aaron",2762,1149,388,95,87.7314527503526,20.599435825105783,74.7551111111111,8.042577777777778,679,0.4160028964518465,0.24484536082474226,0.08268059181897303,0.463
592518,2023,"Machado, Manny",2292,1125,440,49,84.52349323493236,20.650676506765066,74.87354709418838,7.697394789579159,602,0.4908376963350785,0.11136363636363636,0.043555555555555556,0.334
592518,2024,"Machado, Manny",2405,1232,473,54,85.62067415730337,20.62443946188341,73.25884413309983,7.71952714535902,644,0.5122661122661123,0.11416490486257928,0.04383116883116883,0.34
592518,2025,"Machado, Manny",2666,1324,489,65,85.41373626373627,21.903614457831324,72.81899313501144,7.76140350877193,679,0.4966241560390098,0.1329243353783231,0.04909365558912387,0.341
592626,2023,"Pederson, Joc",1747,778,272,35,84.25804701627486,20.971066907775768,70.52519893899205,7.296021220159151,425,0.44533485975958786,0.12867647058823528,0.04498714652956298,0.331
592626,2024,"Pederson, Joc",1817,796,266,36,84.55289855072463,22.39673913043478,71.24898785425101,7.565721997300945,449,0.438084755090809,0.13533834586466165,0.04522613065326633,0.391
592626,2025,"Pederson, Joc",1237,548,201,22,85.6948051948052,20.343669250645995,71.6056179775281,7.48501872659176,306,0.44300727566693615,0.10945273631840796,0.040145985401459854,0.276
592669,2023,"Renfroe, Hunter",2109,1070,376,27,82.3956462585034,18.623641304347824,73.32072538860103,7.928238341968912,548,0.5073494547178757,0.07180851063829788,0.025233644859813085,0.308
592669,2024,"Renfroe, Hunter",1653,734,302,25,83.61340782122905,18.67472118959108,73.6632416787265,7.610853835021708,424,0.4440411373260738,0.08278145695364239,0.0340599455040872,0.302
592669,2025,"Renfroe, Hunter",391,172,79,6,83.50923076923077,16.115384615384617,73.24821428571428,7.557738095238095,108,0.4398976982097187,0.0759493670886076,0.03488372093023256,0.219
592696,2023,"Rosario, Eddie",1916,1095,359,33,82.26875,19.160511363636363,69.21461187214612,7.084703196347032,516,0.5715031315240083,0.09192200557103064,0.030136986301369864,0.322
592696,2024,"Rosario, Eddie",1189,628,226,13,83.02541567695961,15.971496437054633,68.18133802816901,7.092429577464789,321,0.528174936921783,0.05752212389380531,0.020700636942675158,0.23
592696,2025,"Rosario, Eddie",23,15,6,1,86.32222222222222,22.77777777777778,69.18666666666667,7.0600000000000005,8,0.6521739130434783,0.16666666666666666,0.06666666666666667,0.11
592885,2023,"Yelich, Christian",2586,1151,411,37,84.33811944091488,8.243654822335026,72.08940397350993,7.304194260485652,632,0.4450889404485692,0.09002433090024331,0.03214596003475239,0.353
592885,2024,"Yelich, Christian",1275,580,214,20,83.87610837438423,7.830466830466831,71.31453488372094,7.389728682170542,315,0.4549019607843137,0.09345794392523364,0.034482758620689655,0.391
592885,2025,"Yelich, Christian",2620,1188,407,43,83.62612612612612,10.097686375321336,70.9590831918506,7.373259762308999,647,0.4534351145038168,0.10565110565110565,0.0361952861952862,0.343
593160,2023,"Merrifield, Whit",2211,1124,452,10,80.3456976744186,18.777906976744188,63.409052631578945,6.8578947368421055,593,0.5083672546359114,0.022123893805309734,0.008896797153024912,0.304
593160,2024,"Merrifield, Whit",1330,604,245,5,79.35797413793104,19.228448275862068,61.065028355387525,6.744234404536861,336,0.45413533834586467,0.02040816326530612,0.008278145695364239,0.283
593428,2023,"Bogaerts, Xander",2651,1126,492,31,82.49764982373678,11.373536299765808,68.73060344827586,7.122198275862068,666,0.4247453791022256,0.06300813008130081,0.027531083481349913,0.343
593428,2024,"Bogaerts, Xander",1793,791,355,20,82.70626029654036,11.909390444810544,68.69425770308123,7.164005602240897,463,0.4411600669269381,0.056338028169014086,0.025284450063211124,0.3
593428,2025,"Bogaerts, Xander",2110,879,406,27,84.16656151419558,12.104851330203443,69.96946472019465,7.273114355231144,557,0.4165876777251185,0.0665024630541872,0.030716723549488054,0.313
594807,2023,"Duvall, Adam",1341,645,215,33,84.05912408759124,25.425790754257907,70.57455470737914,7.597709923664122,353,0.4809843400447427,0.15348837209302327,0.05116279069767442,0.347
594807,2024,"Duvall, Adam",1254,614,205,27,82.16235011990408,21.930455635491608,71.23258620689656,7.567586206896552,330,0.48963317384370014,0.13170731707317074,0.043973941368078175,0.252
595777,2023,"Profar, Jurickson",2109,993,374,16,82.12610441767067,18.472556894243642,69.37316176470588,7.184558823529412,522,0.47083926031294454,0.0427807486631016,0.016112789526686808,0.304
595777,2024,"Profar, Jurickson",2756,1250,473,45,84.47453798767967,17.23076923076923,69.41963302752293,7.1688990825688075,670,0.45355587808417996,0.09513742071881606,0.036,0.365
595777,2025,"Profar, Jurickson",1583,706,259,27,83.91869328493648,20.597472924187727,68.83818181818181,7.370454545454545,373,0.4459886291850916,0.10424710424710425,0.03824362606232295,0.346
595879,2023,"Báez, Javier",1971,1080,388,24,82.69604685212299,14.445095168374817,72.27201166180758,8.449562682215744,547,0.547945205479452,0.061855670103092786,0.022222222222222223,0.261
595879,2024,"Báez, Javier",1033,539,206,17,82.02634560906516,13.971671388101983,73.10593220338983,8.542796610169491,289,0.5217812197483059,0.0825242718446602,0.03153988868274583,0.224
595879,2025,"Báez, Javier",1544,850,311,14,81.19489981785064,12.1016333938294,71.97333333333333,8.17721212121212,437,0.5505181347150259,0.04501607717041801,0.01647058823529412,0.293
596019,2023,"Lindor, Francisco",2752,1316,472,61,84.37685863874344,21.297071129707113,69.7720588235294,7.5097426470588236,687,0.47819767441860467,0.1292372881355932,0.04635258358662614,0.346
596019,2024,"Lindor, Francisco",2716,1322,494,74,85.7211962224554,19.55299055613851,70.81055194805195,7.473295454545455,690,0.48674521354933725,0.14979757085020243,0.05597579425113464,0.363
596019,2025,"Lindor, Francisco",2952,1401,520,51,84.209796314258,19.574468085106382,68.99482496194825,7.386529680365297,732,0.47459349593495936,0.09807692307692308,0.03640256959314775,0.35
600869,2023,"Candelario, Jeimer",2341,1106,382,30,82.2256050955414,15.090216010165184,67.2125,7.6130555555555555,576,0.4724476719350705,0.07853403141361257,0.027124773960216998,0.346
600869,2024,"Candelario, Jeimer",1783,920,316,19,82.04168039538716,11.774299835255354,66.35705741626795,7.700119617224881,464,0.5159842961301178,0.060126582278481014,0.020652173913043477,0.304
600869,2025,"Candelario, Jeimer",375,186,53,5,80.80701754385964,13.68421052631579,66.6521978021978,7.955494505494506,92,0.496,0.09433962264150944,0.026881720430107527,0.189
605141,2023,"Betts, Mookie",2727,1033,482,61,86.10403916768666,22.288508557457213,68.85094786729857,7.082227488151658,693,0.3788045471213788,0.12655601659751037,0.0590513068731849,0.416
605141,2024,"Betts, Mookie",2054,826,397,23,83.92602339181286,24.43421052631579,66.85281690140845,6.836338028169014,516,0.4021421616358325,0.05793450881612091,0.02784503631961259,0.371
605141,2025,"Betts, Mookie",2472,1013,531,31,84.697125748503,20.995221027479094,66.60594989561586,6.940187891440501,664,0.409789644012945,0.0583804143126177,0.03060217176702863,0.318
606192,2023,"Hernández, Teoscar",2680,1434,421,54,83.2640279394645,15.605813953488372,72.22086811352254,7.831218697829716,680,0.5350746268656716,0.12826603325415678,0.03765690376569038,0.317
606192,2024,"Hernández, Teoscar",2622,1334,402,55,83.17592137592138,18.56564417177914,71.38567921440261,7.672504091653027,652,0.5087719298245614,0.13681592039800994,0.04122938530734633,0.36
606192,2025,"Hernández, Teoscar",2142,1078,382,41,83.35859598853868,13.629470672389127,71.01850431447747,7.73489932885906,546,0.5032679738562091,0.10732984293193717,0.038033395176252316,0.315
606466,2023,"Marte, Ketel",2496,1131,465,40,84.48143360752056,15.097303634232121,71.40809128630704,7.3850622406639,651,0.453125,0.08602150537634409,0.03536693191865606,0.361
606466,2024,"Marte, Ketel",2175,1035,407,58,86.44272727272727,14.835492227979275,71.98656716417909,7.541897654584222,583,0.47586206896551725,0.14250614250614252,0.05603864734299517,0.391
606466,2025,"Marte, Ketel",2117,950,400,60,85.52131616595136,15.32,72.80965665236052,7.738090128755364,556,0.4487482286254133,0.15,0.06315789473684211,0.381
607208,2023,"Turner, Trea",2680,1421,490,46,84.2445744680851,18.049946865037196,70.98855098389981,7.538819320214669,694,0.530223880597015,0.09387755102040816,0.03237156931738212,0.333
607208,2024,"Turner, Trea",2044,1098,408,32,83.22120418848168,15.069371727748692,70.03236763236762,7.518481518481519,541,0.5371819960861057,0.0784313725490196,0.029143897996357013,0.349
607208,2025,"Turner, Trea",2412,1238,484,27,83.18722919042189,15.2018244013683,69.46910638297872,7.476255319148937,642,0.5132669983416253,0.05578512396694215,0.021809369951534735,0.352
608070,2023,"Ramírez, José",2693,1217,544,46,84.80385395537526,20.22920892494929,68.86893203883496,7.101553398058253,691,0.4519123653917564,0.08455882352941177,0.03779786359901397,0.346
608070,2024,"Ramírez, José",2786,1352,544,66,84.46483516483516,21.925892040256176,69.80444091990483,7.185408406026962,682,0.4852835606604451,0.1213235294117647,0.04881656804733728,0.364
608070,2025,"Ramírez, José",2752,1247,525,44,83.96855721393034,21.45183714001986,69.09138795986622,7.168227424749165,673,0.453125,0.0838095238095238,0.03528468323977546,0.359
608324,2023,"Bregman, Alex",2793,1080,537,31,84.08756998880179,20.98320268756999,68.8058947368421,6.787368421052632,724,0.3866809881847476,0.05772811918063315,0.028703703703703703,0.351
608324,2024,"Bregman, Alex",2396,1075,499,38,83.85260180995475,22.467268623024832,69.8255489021956,6.945409181636727,637,0.4486644407345576,0.07615230460921844,0.035348837209302326,0.331
608324,2025,"Bregman, Alex",1961,791,365,32,85.42917316692667,21.29953198127925,69.36420382165605,7.00828025477707,496,0.4033656297807241,0.08767123287671233,0.040455120101137804,0.356
608336,2023,"Gallo, Joey",1435,673,140,29,85.5407514450867,28.334293948126803,71.66863905325444,7.344378698224852,332,0.4689895470383275,0.20714285714285716,0.04309063893016345,0.32
608336,2024,"Gallo, Joey",1076,487,122,20,83.21851851851852,26.789667896678967,70.69954751131222,7.176470588235294,261,0.45260223048327136,0.16393442622950818,0.04106776180698152,0.276
608369,2023,"Seager, Corey",1881,1018,395,62,86.24950634696756,16.41912798874824,70.3853982300885,6.58075221238938,536,0.5412014885699096,0.1569620253164557,0.060903732809430254,0.419
608369,2024,"Seager, Corey",1914,993,381,57,84.58990318118948,18.738589211618258,70.72472406181015,6.537527593818985,533,0.5188087774294671,0.14960629921259844,0.05740181268882175,0.365
608369,2025,"Seager, Corey",1708,833,295,47,85.32249999999999,17.960714285714285,71.00382716049383,6.600123456790124,445,0.48770491803278687,0.15932203389830507,0.056422569027611044,0.365
608385,2023,"Winker, Jesse",835,354,116,5,80.0472,15.796812749003983,67.7695652173913,7.2,197,0.4239520958083832,0.04310344827586207,0.014124293785310734,0.269
608385,2024,"Winker, Jesse",2072,891,329,22,82.16863636363637,18.67878787878788,67.64892601431981,7.177684964200477,509,0.430019305019305,0.0668693009118541,0.024691358024691357,0.338
608385,2025,"Winker, Jesse",320,142,51,4,82.53299999999999,20.14,69.05151515151515,7.287121212121212,81,0.44375,0.0784313725490196,0.028169014084507043,0.301
621020,2023,"Swanson, Dansby",2560,1210,413,43,82.84014778325123,15.330873308733088,70.16461538461539,7.271538461538461,639,0.47265625,0.10411622276029056,0.03553719008264463,0.325
621020,2024,"Swanson, Dansby",2365,1148,393,34,83.138671875,13.184895833333334,69.9889598540146,7.384124087591241,595,0.4854122621564482,0.08651399491094147,0.029616724738675958,0.307
621020,2025,"Swanson, Dansby",2525,1268,428,47,84.2940813810111,15.472906403940886,69.01754385964912,7.346012759170653,645,0.5021782178217822,0.10981308411214953,0.03706624605678233,0.31
621035,2023,"Taylor, Chris",1632,772,214,25,80.23727678571429,19.694196428571427,69.115649867374,7.26525198938992,386,0.4730392156862745,0.11682242990654206,0.03238341968911917,0.323
621035,2024,"Taylor, Chris",1046,499,140,13,80.81140065146579,18.648208469055376,67.68424507658644,7.0098468271334795,246,0.4770554493307839,0.09285714285714286,0.026052104208416832,0.272
621035,2025,"Taylor, Chris",475,245,72,5,81.01127819548873,16.962406015037594,67.29625,6.9375,125,0.5157894736842106,0.06944444444444445,0.02040816326530612,0.25
621043,2023,"Correa, Carlos",2268,984,386,40,84.12188405797102,14.414985590778098,73.5002659574468,7.243617021276595,580,0.43386243386243384,0.10362694300518134,0.04065040650406504,0.309
621043,2024,"Correa, Carlos",1388,613,262,30,85.83526881720431,14.126881720430108,73.16059544658494,7.228546409807356,367,0.44164265129682995,0.11450381679389313,0.048939641109298535,0.385
621043,2025,"Correa, Carlos",2312,1073,425,34,84.1812020460358,14.875,72.14936211972521,7.155053974484789,587,0.4641003460207612,0.08,0.03168685927306617,0.322
621493,2023,"Ward, Taylor",1636,725,282,24,83.30166358595194,18.59040590405904,68.03263157894737,6.909473684210526,411,0.44315403422982885,0.0851063829787234,0.03310344827586207,0.329
621493,2024,"Ward, Taylor",2601,1124,430,53,83.95721393034826,19.945341614906834,67.98363811357073,6.982579403272377,665,0.43214148404459823,0.12325581395348838,0.04715302491103203,0.325
621493,2025,"Ward, Taylor",2791,1049,410,57,84.14153439153439,20.845646437994723,67.55289340101524,7.01015228426396,664,0.37585094948047293,0.13902439024390245,0.05433746425166826,0.339
621566,2023,"Olson, Matt",3128,1448,445,76,86.06362704918034,22.43909928352098,73.4683836589698,7.224866785079929,722,0.4629156010230179,0.1707865168539326,0.052486187845303865,0.413
621566,2024,"Olson, Matt",2969,1465,435,59,83.46340977068795,22.518886679920477,72.30198237885463,7.299632892804699,685,0.49343213203098685,0.135632183908046,0.040273037542662114,0.339
621566,2025,"Olson, Matt",3172,1434,453,64,85.36494427558257,21.96048632218845,72.2293053545586,7.395296671490593,724,0.4520807061790668,0.141280353200883,0.044630404463040445,0.366
623993,2023,"Santander, Anthony",2771,1355,443,58,84.01795665634674,24.956656346749227,71.61569664902999,7.136331569664903,656,0.48899314326957777,0.1309255079006772,0.042804428044280446,0.34
623993,2024,"Santander, Anthony",2752,1362,471,56,83.35246376811594,25.980676328502415,71.7729792147806,7.132101616628176,665,0.4949127906976744,0.11889596602972399,0.041116005873715125,0.345
623993,2025,"Santander, Anthony",938,453,134,13,83.45993690851735,25.80503144654088,70.5677130044843,7.128026905829596,221,0.48294243070362475,0.09701492537313433,0.02869757174392936,0.255
624413,2023,"Alonso, Pete",2591,1121,421,72,82.79404915912032,19.95730918499353,74.11818181818181,7.368085106382979,658,0.43265148591277497,0.171021377672209,0.06422836752899197,0.346
624413,2024,"Alonso, Pete",2797,1192,440,66,83.44323040380047,19.17814726840855,73.25989110707803,7.254264972776769,696,0.42617089739006075,0.15,0.05536912751677853,0.34
624413,2025,"Alonso, Pete",2825,1300,471,95,86.76114864864864,20.680898876404495,73.62205292702485,6.986768243785084,709,0.46017699115044247,0.20169851380042464,0.07307692307692308,0.368
624424,2023,"Conforto, Michael",1917,861,304,25,83.5641791044776,15.456053067993366,71.87195945945946,7.11554054054054,470,0.4491392801251956,0.08223684210526316,0.029036004645760744,0.315
624424,2024,"Conforto, Michael",1969,881,323,41,83.80929853181077,17.91517128874388,72.64328732747803,7.297992471769135,488,0.44743524631792786,0.12693498452012383,0.046538024971623154,0.327
624424,2025,"Conforto, Michael",2052,924,300,33,83.01463414634146,16.094368340943685,72.53640350877193,7.214802631578947,488,0.4502923976608187,0.11,0.03571428571428571,0.287
624428,2023,"Frazier, Adam",1751,845,350,15,80.5509954058193,18.27565084226646,65.34193548387097,6.996415770609319,456,0.48258138206739004,0.04285714285714286,0.01775147928994083,0.302
624428,2024,"Frazier, Adam",1211,569,206,7,78.06202247191011,18.88314606741573,64.3988847583643,6.808921933085501,294,0.46985962014863747,0.03398058252427184,0.012302284710017574,0.261
624428,2025,"Frazier, Adam",1849,945,344,7,80.08961218836565,19.401662049861496,63.74004400440044,6.785808580858086,460,0.5110870740941049,0.020348837209302327,0.007407407407407408,0.3
624585,2023,"Soler, Jorge",2334,1022,367,58,84.15440115440116,17.985569985569985,74.29803921568627,7.783473389355742,581,0.43787489288774634,0.15803814713896458,0.05675146771037182,0.361
624585,2024,"Soler, Jorge",2361,1050,356,45,83.90552325581395,17.742732558139537,73.81122554067971,7.903913491246138,574,0.44472681067344344,0.12640449438202248,0.04285714285714286,0.34
624585,2025,"Soler, Jorge",1291,574,188,22,82.7931506849315,16.15068493150685,72.41190893169878,7.733625218914185,315,0.44461657629744383,0.11702127659574468,0.03832752613240418,0.298
630105,2023,"Cronenworth, Jake",2066,981,367,15,80.498814229249,20.70263157894737,66.15470383275262,6.70383275261324,523,0.47483059051306875,0.04087193460490463,0.01529051987767584,0.301
630105,2024,"Cronenworth, Jake",2755,1238,463,38,82.0821503131524,19.306569343065693,67.11953612845673,6.916592328278323,659,0.44936479128856627,0.08207343412526998,0.030694668820678513,0.315
630105,2025,"Cronenworth, Jake",2188,932,323,23,81.08031609195403,20.57510729613734,68.1304203539823,6.810176991150442,517,0.4259597806215722,0.07120743034055728,0.02467811158798283,0.333
641313,2023,"Anderson, Tim",1947,1038,373,9,81.63719346049047,7.480272108843537,66.85191489361702,7.027446808510638,526,0.5331278890600925,0.024128686327077747,0.008670520231213872,0.26
641313,2024,"Anderson, Tim",946,516,166,2,80.35800604229607,6.302114803625377,67.8214446952596,7.137020316027088,242,0.5454545454545454,0.012048192771084338,0.003875968992248062,0.208
641313,2025,"Anderson, Tim",330,185,55,0,82.29396551724139,10.46551724137931,66.5461956521739,6.966847826086957,90,0.5606060606060606,0.0,0.0,0.229
641355,2023,"Bellinger, Cody",2171,1077,424,35,82.89768574908648,20.956204379562045,68.49847198641766,7.58811544991511,556,0.4960847535697835,0.08254716981132075,0.032497678737233054,0.37
641355,2024,"Bellinger, Cody",2109,1038,432,28,82.49780927835052,17.947232947232948,67.37070707070707,7.568484848484848,570,0.492176386913229,0.06481481481481481,0.02697495183044316,0.322
641355,2025,"Bellinger, Cody",2598,1253,507,39,82.96252587991718,21.17287784679089,68.72358184764991,7.6967585089141,658,0.4822940723633564,0.07692307692307693,0.03112529928172386,0.347
641487,2023,"Crawford, J.P.",2637,1015,414,25,82.05387596899224,19.32516129032258,69.8513953488372,7.434186046511628,639,0.384907091391733,0.06038647342995169,0.024630541871921183,0.359
641487,2024,"Crawford, J.P.",1911,786,291,22,81.4532994923858,17.10810810810811,70.10402219140083,7.110540915395284,453,0.41130298273155413,0.07560137457044673,0.027989821882951654,0.283
641487,2025,"Crawford, J.P.",2737,1231,455,25,80.8744842562432,18.227765726681127,69.05126475548062,6.995868465430017,656,0.4497625137011326,0.054945054945054944,0.020308692120227456,0.322
641584,2023,"Fraley, Jake",1431,739,266,18,79.2279245283019,17.423728813559322,70.43206751054853,7.035443037974684,380,0.5164220824598184,0.06766917293233082,0.02435723951285521,0.338
641584,2024,"Fraley, Jake",1332,771,283,12,79.63706293706294,15.63304347826087,70.40573770491804,7.038251366120218,382,0.5788288288288288,0.04240282685512368,0.01556420233463035,0.314
641584,2025,"Fraley, Jake",839,392,142,8,80.56254545454546,18.97463768115942,69.93456464379948,7.072559366754618,218,0.46722288438617404,0.056338028169014086,0.02040816326530612,0.316
641680,2023,"Heim, Jonah",2006,1038,364,25,82.85112881806108,21.93368700265252,66.84183976261127,7.203857566765578,502,0.5174476570289133,0.06868131868131869,0.024084778420038536,0.324
641680,2024,"Heim, Jonah",1783,967,371,25,82.58995873452545,19.236263736263737,68.52817059483726,7.321212121212121,491,0.5423443634324173,0.0673854447439353,0.025853154084798345,0.265
641680,2025,"Heim, Jonah",1704,847,312,18,82.39131886477463,21.03161397670549,67.35420219244824,7.443483556638246,435,0.4970657276995305,0.057692307692307696,0.021251475796930343,0.266
641820,2023,"Mancini, Trey",1058,520,160,6,81.98850931677019,17.111801242236027,71.28550724637681,7.779710144927535,265,0.4914933837429111,0.0375,0.011538461538461539,0.28
641857,2023,"McMahon, Ryan",2751,1300,360,40,82.28965517241379,17.428571428571427,70.44018518518519,7.118888888888889,627,0.4725554343874955,0.1111111111111111,0.03076923076923077,0.325
641857,2024,"McMahon, Ryan",2741,1278,386,38,83.12747909199521,18.038231780167266,70.62508445945946,7.100760135135134,647,0.46625319226559647,0.09844559585492228,0.0297339593114241,0.315
641857,2025,"McMahon, Ryan",2504,1133,323,37,83.84491017964072,18.989536621823618,71.53157423971378,7.316100178890876,588,0.4524760383386581,0.11455108359133127,0.03265666372462489,0.306
641933,2023,"O'Neill, Tyler",1042,468,171,21,83.40061538461539,18.138461538461538,70.9776515151515,6.96060606060606,266,0.4491362763915547,0.12280701754385964,0.04487179487179487,0.313
641933,2024,"O'Neill, Tyler",2003,885,254,52,84.7039033457249,21.179962894248607,73.77799752781212,7.552533992583436,474,0.4418372441337993,0.2047244094488189,0.05875706214689266,0.36
641933,2025,"O'Neill, Tyler",827,389,133,19,83.17943548387096,21.5,72.62015706806284,7.6651832460732985,209,0.4703748488512696,0.14285714285714285,0.04884318766066838,0.297
642133,2023,"Tellez, Rowdy",1516,579,230,18,82.88992974238876,17.761124121779858,73.85588235294118,7.876470588235294,352,0.38192612137203164,0.0782608695652174,0.031088082901554404,0.288
642133,2024,"Tellez, Rowdy",1672,721,299,25,83.20264650283553,22.113421550094518,72.6997037037037,7.92962962962963,421,0.4312200956937799,0.08361204013377926,0.03467406380027739,0.301
642133,2025,"Tellez, Rowdy",1288,577,209,30,84.84168797953964,21.586734693877553,72.89964285714287,7.9,313,0.44798136645962733,0.14354066985645933,0.05199306759098787,0.307
642715,2023,"Adames, Willy",2609,1298,394,49,81.27320574162678,17.208133971291865,70.61418803418803,8.171794871794871,640,0.49750862399386736,0.12436548223350254,0.03775038520801233,0.311
642715,2024,"Adames, Willy",2748,1352,440,56,83.17562358276643,22.284580498866212,71.99251336898395,8.076317799847212,691,0.49199417758369723,0.12727272727272726,0.04142011834319527,0.342
642715,2025,"Adames, Willy",2807,1306,421,64,83.96214953271028,19.63053613053613,70.40039277297721,8.113197172034564,687,0.46526540790879944,0.15201900237529692,0.04900459418070444,0.321
643217,2023,"Benintendi, Andrew",2371,1151,477,12,80.86568181818183,20.328036322360955,65.53489795918367,6.5167346938775506,621,0.48544917756221,0.025157232704402517,0.010425716768027803,0.299
643217,2024,"Benintendi, Andrew",2001,958,384,22,81.95275035260931,20.839662447257385,65.71127071823204,6.598121546961326,524,0.47876061969015493,0.057291666666666664,0.022964509394572025,0.298
643217,2025,"Benintendi, Andrew",1729,866,344,40,82.75,23.802588996763753,66.43066980023502,6.970387779083431,472,0.5008675534991325,0.11627906976744186,0.046189376443418015,0.317
643396,2023,"Kiner-Falefa, Isiah",1455,653,260,8,82.23245967741936,11.917505030181086,65.9503846153846,6.811923076923077,363,0.44879725085910654,0.03076923076923077,0.01225114854517611,0.286
643396,2024,"Kiner-Falefa, Isiah",1711,788,392,9,81.27943925233645,13.504672897196262,64.87345254470426,6.682668500687758,498,0.4605493863237873,0.02295918367346939,0.011421319796954314,0.299
643396,2025,"Kiner-Falefa, Isiah",1632,801,360,5,79.81263482280431,9.294930875576037,64.38,6.738961038961039,460,0.49080882352941174,0.013888888888888888,0.006242197253433208,0.279
643446,2023,"McNeil, Jeff",2197,1162,526,10,80.78088077336197,18.02685284640172,65.65717054263565,6.806976744186047,648,0.5289030496131087,0.019011406844106463,0.008605851979345954,0.314
643446,2024,"McNeil, Jeff",1719,948,360,12,81.40191780821918,17.987688098495212,66.52460850111856,7.109619686800895,472,0.5514834205933682,0.03333333333333333,0.012658227848101266,0.304
643446,2025,"McNeil, Jeff",1733,909,350,21,81.39915254237287,20.361462728551338,68.6358276643991,7.229024943310658,462,0.5245239469128679,0.06,0.0231023102310231,0.324
645277,2023,"Albies, Ozzie",2576,1400,497,48,82.89423076923077,20.034615384615385,68.53327205882353,7.3027573529411764,661,0.5434782608695652,0.096579476861167,0.03428571428571429,0.358
645277,2024,"Albies, Ozzie",1651,933,338,21,82.81185714285715,19.840228245363765,67.46254458977408,7.19512485136742,435,0.5651120533010296,0.0621301775147929,0.022508038585209004,0.307
645277,2025,"Albies, Ozzie",2411,1300,514,27,82.84927083333334,19.488541666666666,66.84899759422613,7.142902967121091,668,0.5391953546246371,0.05252918287937743,0.02076923076923077,0.295
645302,2023,"Robles, Victor",456,241,93,3,78.79942528735633,12.862068965517242,,,126,0.5285087719298246,0.03225806451612903,0.012448132780082987,0.338
645302,2024,"Robles, Victor",1021,557,210,13,78.62043010752689,12.451612903225806,63.143352601156074,6.508092485549133,296,0.545543584720862,0.06190476190476191,0.02333931777378815,0.357
645302,2025,"Robles, Victor",375,228,82,5,79.9090909090909,14.441558441558442,63.43145539906103,6.609859154929578,114,0.608,0.06097560975609756,0.021929824561403508,0.268
646240,2023,"Devers, Rafael",2620,1356,457,71,85.11933404940925,19.720730397422127,72.04936479128857,7.423774954627949,657,0.517557251908397,0.15536105032822758,0.05235988200589971,0.359
646240,2024,"Devers, Rafael",2433,1209,384,51,85.47747747747748,19.652509652509654,70.75474060822899,7.361359570661897,601,0.4969173859432799,0.1328125,0.04218362282878412,0.364
646240,2025,"Devers, Rafael",3102,1445,419,68,85.37726775956284,21.24235807860262,70.1374733853797,7.497515968772179,732,0.46582849774339136,0.162291169451074,0.047058823529411764,0.365
650333,2023,"Arraez, Luis",2203,1102,544,16,82.92774390243902,17.259146341463413,62.30655021834061,5.763755458515284,617,0.5002269632319565,0.029411764705882353,0.014519056261343012,0.369
650333,2024,"Arraez, Luis",2430,1202,611,10,82.16543778801844,18.376611418047883,61.373041044776116,5.841511194029851,672,0.49465020576131685,0.016366612111292964,0.008319467554076539,0.323
650333,2025,"Arraez, Luis",2468,1218,618,8,81.2649773755656,18.59638009049774,60.37880104257167,5.683666377063423,677,0.49351701782820095,0.012944983818770227,0.006568144499178982,0.313
650391,2023,"Jiménez, Eloy",1727,892,365,33,84.63593220338983,7.493265993265993,73.84974874371859,7.31356783919598,490,0.5165026056745802,0.09041095890410959,0.03699551569506727,0.325
650391,2024,"Jiménez, Eloy",1206,604,255,20,85.06594724220624,7.825775656324582,71.87783595113439,7.176439790575917,349,0.5008291873963516,0.0784313725490196,0.033112582781456956,0.276
650402,2023,"Torres, Gleyber",2654,1238,504,42,84.057096069869,18.244274809160306,69.49103053435115,7.278435114503817,672,0.46646571213263,0.08333333333333333,0.033925686591276254,0.346
650402,2024,"Torres, Gleyber",2822,1290,461,28,82.63476394849786,21.370171673819744,68.36675020885548,7.192982456140351,666,0.4571226080793763,0.06073752711496746,0.021705426356589147,0.313
650402,2025,"Torres, Gleyber",2654,1081,438,35,84.35951807228915,22.359807460890494,68.60791229742611,7.120114394661583,629,0.407309721175584,0.07990867579908675,0.032377428307123035,0.332
650490,2023,"Díaz, Yandy",2360,1004,433,38,85.5360103626943,14.411384217335058,71.90976744186047,7.45,601,0.42542372881355933,0.08775981524249422,0.037848605577689244,0.402
650490,2024,"Díaz, Yandy",2461,1079,472,35,84.50683371298406,16.159271899886235,72.0804435483871,7.464717741935484,622,0.43843965867533524,0.07415254237288135,0.03243744207599629,0.331
650490,2025,"Díaz, Yandy",2543,1120,496,38,85.99988452655889,15.058755760368664,72.08250000000001,7.574166666666667,651,0.44042469524184036,0.07661290322580645,0.033928571428571426,0.364
650859,2023,"Rengifo, Luis",1682,840,316,23,83.08947368421052,14.651952461799661,69.84801136363636,7.2630681818181815,446,0.4994054696789536,0.07278481012658228,0.02738095238095238,0.339
650859,2024,"Rengifo, Luis",1086,610,240,5,81.85034168564921,9.890660592255125,67.76152512998267,7.036741767764298,307,0.5616942909760589,0.020833333333333332,0.00819672131147541,0.335
650859,2025,"Rengifo, Luis",2011,1036,401,20,82.16287978863937,12.031704095112286,68.05373878364905,6.946161515453639,543,0.5151665837891596,0.04987531172069826,0.019305019305019305,0.275
656775,2023,"Mullins, Cedric",1786,884,310,28,82.87337662337663,24.515397082658023,68.00798722044729,7.364856230031949,456,0.49496080627099664,0.09032258064516129,0.03167420814479638,0.311
656775,2024,"Mullins, Cedric",1938,996,350,24,80.73926128590972,25.23633879781421,67.77636363636364,7.314652406417112,499,0.5139318885448917,0.06857142857142857,0.024096385542168676,0.31
656775,2025,"Mullins, Cedric",2113,1020,324,25,80.80153846153846,24.96931659693166,68.43265097236437,7.398055271238484,498,0.48272598201609085,0.07716049382716049,0.024509803921568627,0.302
656941,2023,"Schwarber, Kyle",3091,1156,373,73,86.17611336032388,19.87584345479082,74.63966244725738,7.816033755274262,722,0.3739890003235199,0.19571045576407506,0.06314878892733564,0.35
656941,2024,"Schwarber, Kyle",2866,1139,384,74,87.07675070028012,17.558823529411764,75.04396226415095,7.643867924528302,693,0.3974180041870202,0.19270833333333334,0.0649692712906058,0.366
656941,2025,"Schwarber, Kyle",3086,1279,408,100,87.37186311787072,19.643037974683544,74.19050632911393,7.460917721518988,726,0.41445236552171094,0.24509803921568626,0.07818608287724785,0.391
657041,2023,"Thomas, Lane",2629,1145,459,43,82.45769696969698,15.443636363636363,69.91505617977528,6.8476404494382015,682,0.4355268162799544,0.09368191721132897,0.03755458515283843,0.334
657041,2024,"Thomas, Lane",2084,910,340,24,83.03226788432268,18.9742033383915,69.90710955710956,6.687296037296037,529,0.43666026871401153,0.07058823529411765,0.026373626373626374,0.309
657041,2025,"Thomas, Lane",556,243,83,6,83.42142857142856,24.149350649350648,70.87957446808511,6.8523404255319145,142,0.4370503597122302,0.07228915662650602,0.024691358024691357,0.235
657077,2023,"Verdugo, Alex",2371,967,458,22,83.48573264781491,14.265384615384615,65.91922077922078,6.152727272727273,602,0.40784479122733025,0.048034934497816595,0.022750775594622543,0.322
657077,2024,"Verdugo, Alex",2345,1046,478,23,82.12672209026128,14.173396674584323,66.35870488322718,6.197876857749469,621,0.4460554371002132,0.04811715481171548,0.02198852772466539,0.283
657077,2025,"Verdugo, Alex",881,340,166,5,84.34981684981685,15.717948717948717,65.22948717948718,6.118589743589744,213,0.3859250851305335,0.030120481927710843,0.014705882352941176,0.264
657656,2023,"Laureano, Ramón",1653,773,248,27,82.648828125,16.83203125,68.87458193979933,6.7274247491638794,405,0.4676346037507562,0.10887096774193548,0.03492884864165589,0.298
657656,2024,"Laureano, Ramón",1180,617,191,26,82.74747474747475,15.954545454545455,70.70017211703959,7.131669535283993,309,0.5228813559322034,0.13612565445026178,0.04213938411669368,0.324
657656,2025,"Laureano, Ramón",2004,954,326,46,84.3359375,17.0140625,70.10521172638437,6.898697068403909,489,0.47604790419161674,0.1411042944785276,0.04821802935010482,0.364
660271,2023,"Ohtani, Shohei",2402,1119,357,76,86.51954022988505,14.876436781609195,75.45859154929578,7.883098591549296,599,0.4658617818484596,0.21288515406162464,0.0679177837354781,0.433
660271,2024,"Ohtani, Shohei",2877,1343,479,100,87.01179138321994,17.877689694224234,74.7213654618474,7.7224096385542165,731,0.4668057003823427,0.20876826722338204,0.07446016381236038,0.431
660271,2025,"Ohtani, Shohei",2940,1289,426,102,87.35037406483791,16.688279301745634,74.02061128526645,7.910971786833856,727,0.4384353741496599,0.23943661971830985,0.0791311093871218,0.418
660670,2023,"Acuña Jr., Ronald",2801,1286,562,81,86.43221544715448,12.652482269503546,74.8370018975332,7.292599620493358,735,0.4591217422349161,0.14412811387900357,0.06298600311041991,0.428
660670,2024,"Acuña Jr., Ronald",905,425,139,14,84.12517482517482,18.92733564013841,74.61253481894151,7.510027855153203,222,0.4696132596685083,0.10071942446043165,0.03294117647058824,0.322
660670,2025,"Acuña Jr., Ronald",1758,804,236,36,83.48841698841699,15.678227360308286,74.06043256997455,7.506234096692111,412,0.45733788395904434,0.15254237288135594,0.04477611940298507,0.403
662139,2023,"Varsho, Daulton",2315,1158,396,38,81.382,23.625,71.89104116222761,7.61138014527845,583,0.5002159827213822,0.09595959595959595,0.03281519861830743,0.293
662139,2024,"Varsho, Daulton",2054,975,324,24,80.61255673222391,24.694402420574885,71.74676180021955,7.544237102085621,513,0.47468354430379744,0.07407407407407407,0.024615384615384615,0.304
662139,2025,"Varsho, Daulton",990,540,176,34,83.17896253602305,23.3810888252149,73.46865079365078,7.764484126984128,271,0.5454545454545454,0.19318181818181818,0.06296296296296296,0.345
663457,2023,"Nootbaar, Lars",2086,737,331,28,83.13315881326353,11.677700348432056,70.69444444444444,6.927469135802469,504,0.3533077660594439,0.08459214501510574,0.037991858887381276,0.344
663457,2024,"Nootbaar, Lars",1665,617,273,26,84.5683870967742,12.532188841201716,70.49297658862876,6.74515050167224,405,0.3705705705705706,0.09523809523809523,0.04213938411669368,0.331
663457,2025,"Nootbaar, Lars",2373,929,394,37,84.37238372093023,21.80841799709724,71.30780379041248,6.796989966555183,583,0.3914875684787189,0.09390862944162437,0.03982777179763186,0.304
663538,2023,"Hoerner, Nico",2540,1159,542,9,81.85123456790123,14.878725590955806,67.00444915254236,7.070338983050847,688,0.4562992125984252,0.016605166051660517,0.007765314926660914,0.322
663538,2024,"Hoerner, Nico",2319,1118,519,4,80.87367864693447,16.12038014783527,66.71199244570349,7.0257790368271955,641,0.4821043553255714,0.007707129094412331,0.0035778175313059034,0.313
663538,2025,"Hoerner, Nico",2309,1124,554,12,81.96618106139438,18.08835758835759,66.66669699727024,7.1252957233848955,651,0.48679081853616285,0.021660649819494584,0.010676156583629894,0.324
663586,2023,"Riley, Austin",2874,1379,475,65,85.24710300429184,17.44694533762058,74.57307692307691,7.357190635451506,715,0.47981906750173975,0.1368421052631579,0.04713560551124003,0.363
663586,2024,"Riley, Austin",1824,913,309,46,85.5644262295082,19.646481178396073,73.13096385542168,7.404698795180723,470,0.5005482456140351,0.1488673139158576,0.050383351588170866,0.338
663586,2025,"Riley, Austin",1797,913,289,42,84.64288052373159,20.691176470588236,73.99052987598648,7.446223224351748,447,0.5080690038953812,0.1453287197231834,0.04600219058050383,0.318
663624,2023,"Mountcastle, Ryan",1749,954,323,37,83.96913580246914,18.066358024691358,75.295,7.307368421052632,471,0.5454545454545454,0.11455108359133127,0.03878406708595388,0.333
663624,2024,"Mountcastle, Ryan",1904,1067,365,31,83.29801587301587,18.35006605019815,73.56288032454361,7.413387423935092,507,0.5603991596638656,0.08493150684931507,0.029053420805998126,0.316
663624,2025,"Mountcastle, Ryan",1355,778,240,28,83.44424603174603,16.041666666666668,73.48855263157895,7.430131578947368,357,0.574169741697417,0.11666666666666667,0.03598971722365039,0.284
663647,2023,"Hayes, Ke'Bryan",1938,879,393,28,85.41704718417047,18.103343465045594,71.05693641618497,6.848554913294797,526,0.4535603715170279,0.07124681933842239,0.03185437997724687,0.324
663647,2024,"Hayes, Ke'Bryan",1474,658,294,5,83.228125,14.392233009708738,70.43152542372881,6.756101694915254,396,0.44640434192673,0.017006802721088437,0.007598784194528876,0.256
663647,2025,"Hayes, Ke'Bryan",2158,950,418,17,83.88931082981716,17.650771388499297,69.4236442516269,6.658893709327549,570,0.4402224281742354,0.04066985645933014,0.017894736842105262,0.266
663656,2023,"Tucker, Kyle",2606,1208,492,54,83.87210810810811,19.72246220302376,69.49700374531835,7.441573033707866,674,0.4635456638526477,0.10975609756097561,0.04470198675496689,0.372
663656,2024,"Tucker, Kyle",1362,564,225,29,84.12776470588236,21.143529411764707,69.7088,7.4041999999999994,339,0.41409691629955947,0.1288888888888889,0.051418439716312055,0.419
663656,2025,"Tucker, Kyle",2335,1042,416,40,83.65539845758354,16.068123393316196,69.59650145772595,7.444509232264334,597,0.4462526766595289,0.09615384615384616,0.03838771593090211,0.363
663697,2023,"India, Jonathan",2208,851,352,27,83.18093699515347,16.233494363929147,69.4983870967742,7.249462365591398,531,0.3854166666666667,0.07670454545454546,0.03172737955346651,0.327
663697,2024,"India, Jonathan",2653,1017,417,30,81.86953125000001,17.26397919375813,69.36688382193269,7.126818675352878,637,0.3833396155295891,0.07194244604316546,0.029498525073746312,0.333
663697,2025,"India, Jonathan",2360,950,394,27,82.39830985915493,20.45505617977528,69.27675675675675,7.217837837837838,567,0.4025423728813559,0.06852791878172589,0.028421052631578948,0.301
663728,2023,"Raleigh, Cal",2345,1162,356,57,83.74856020942408,22.67408376963351,73.37870036101083,7.765884476534296,570,0.4955223880597015,0.1601123595505618,0.04905335628227195,0.326
663728,2024,"Raleigh, Cal",2531,1315,376,73,84.64939903846154,22.396634615384617,72.82459415584415,7.696347402597402,628,0.5195574871592256,0.19414893617021275,0.05551330798479087,0.323
663728,2025,"Raleigh, Cal",2895,1465,411,98,85.52161572052403,26.306768558951966,73.06416022487703,7.839775122979621,706,0.5060449050086355,0.2384428223844282,0.06689419795221843,0.392
663757,2023,"Grisham, Trent",2344,973,320,38,83.23968253968253,20.90174326465927,68.34668587896253,7.4890489913544664,555,0.4151023890784983,0.11875,0.03905447070914697,0.299
663757,2024,"Grisham, Trent",857,318,125,17,84.4771689497717,22.977272727272727,67.50594059405941,7.518151815181518,209,0.3710618436406068,0.136,0.05345911949685535,0.295
663757,2025,"Grisham, Trent",2394,930,358,55,84.74723076923077,21.130769230769232,68.66422222222222,7.477555555555556,582,0.38847117794486213,0.15363128491620112,0.05913978494623656,0.353
663886,2023,"Stephenson, Tyler",2056,872,331,23,84.42722602739725,12.996575342465754,68.86678445229681,7.387985865724382,518,0.42412451361867703,0.06948640483383686,0.026376146788990827,0.305
663886,2024,"Stephenson, Tyler",1956,842,342,29,84.2384116693679,15.40032414910859,68.71567164179105,7.353731343283582,516,0.43047034764826175,0.0847953216374269,0.0344418052256532,0.339
663886,2025,"Stephenson, Tyler",1393,605,187,27,83.95038961038962,19.997402597402598,67.94957555178269,7.313921901528013,342,0.43431442928930364,0.1443850267379679,0.04462809917355372,0.319
663898,2023,"Rodgers, Brendan",696,335,137,13,82.5459574468085,11.364406779661017,69.85664556962026,7.025949367088607,194,0.4813218390804598,0.0948905109489051,0.03880597014925373,0.307
663898,2024,"Rodgers, Brendan",2084,1025,372,21,82.40294530154279,12.176223776223777,69.61346801346801,7.046240179573513,539,0.4918426103646833,0.056451612903225805,0.02048780487804878,0.314
663898,2025,"Rodgers, Brendan",487,230,70,9,82.32898550724637,16.152173913043477,72.31769911504425,7.275663716814159,128,0.4722792607802875,0.12857142857142856,0.0391304347826087,0.246
663993,2023,"Lowe, Nathaniel",3056,1333,461,31,83.23505976095618,15.425298804780876,72.62959001782531,7.275757575757575,724,0.4361910994764398,0.06724511930585683,0.023255813953488372,0.34
663993,2024,"Lowe, Nathaniel",2361,1007,365,24,82.96596026490067,15.339498018494055,71.66810431293882,7.1921765295887665,568,0.4265141889030072,0.06575342465753424,0.023833167825223437,0.337
663993,2025,"Lowe, Nathaniel",2617,1164,386,32,82.90435323383085,20.53855721393035,71.04951965065501,7.18768558951965,610,0.44478410393580436,0.08290155440414508,0.027491408934707903,0.301
664023,2023,"Happ, Ian",2873,1272,433,43,83.41160714285715,18.1917502787068,69.99328214971209,6.7827255278310945,693,0.44274277758440655,0.09930715935334873,0.03380503144654088,0.345
664023,2024,"Happ, Ian",2728,1249,403,48,83.45964497041419,19.962130177514794,70.56725738396624,6.870042194092827,660,0.45784457478005863,0.11910669975186104,0.03843074459567654,0.341
664023,2025,"Happ, Ian",2727,1181,423,53,83.36071856287425,21.099282296650717,69.95429314830876,6.80745880312229,663,0.4330766409974331,0.12529550827423167,0.04487722269263336,0.333
664034,2023,"France, Ty",2429,1290,471,31,81.46302521008404,15.913865546218487,70.0992523364486,7.7487850467289725,666,0.531082750102923,0.06581740976645435,0.024031007751937984,0.315
664034,2024,"France, Ty",2030,1038,370,28,83.5628,18.006666666666668,69.315329218107,7.492181069958847,536,0.5113300492610837,0.07567567567567568,0.02697495183044316,0.296
664034,2025,"France, Ty",1877,971,364,27,83.26215083798883,16.7966573816156,69.21888185654008,7.3435654008438815,492,0.5173148641449121,0.07417582417582418,0.027806385169927908,0.302
664056,2023,"Bader, Harrison",1242,601,265,18,80.73026004728133,20.8628841607565,68.92097902097903,7.101398601398602,345,0.48389694041867953,0.06792452830188679,0.029950083194675542,0.271
664056,2024,"Bader, Harrison",1653,767,313,22,81.66306306306306,17.675675675675677,69.17223001402525,6.971669004207574,437,0.46400483968542044,0.07028753993610223,0.028683181225554105,0.285
664056,2025,"Bader, Harrison",1942,929,315,33,82.05504885993486,18.056818181818183,71.64377031419285,7.057963163596966,503,0.4783728115345005,0.10476190476190476,0.03552206673842842,0.346
664761,2023,"Bohm, Alec",2261,1122,470,26,82.73542141230068,18.74061433447099,70.72205323193917,7.361977186311787,612,0.49624060150375937,0.05531914893617021,0.023172905525846704,0.329
664761,2024,"Bohm, Alec",2131,1054,474,28,84.21012345679011,17.1134401972873,70.98689024390245,7.325813008130082,607,0.4946034725480995,0.05907172995780591,0.026565464895635674,0.335
664761,2025,"Bohm, Alec",1802,868,388,20,84.00315638450502,15.867332382310984,70.28180751173709,7.209976525821596,504,0.4816870144284129,0.05154639175257732,0.02304147465437788,0.322
665161,2023,"Peña, Jeremy",2306,1224,450,18,81.854914004914,7.536674816625917,70.10351851851853,7.825555555555556,635,0.5307892454466608,0.04,0.014705882352941176,0.31
665161,2024,"Peña, Jeremy",2276,1231,500,28,82.05647607934655,10.95215869311552,70.52713787085516,7.457678883071553,650,0.5408611599297012,0.056,0.022745735174654752,0.305
665161,2025,"Peña, Jeremy",1788,908,403,31,83.62571884984025,8.888178913738018,70.77160356347439,7.445991091314031,543,0.5078299776286354,0.07692307692307693,0.034140969162995596,0.363
665487,2023,"Tatis Jr., Fernando",2341,1264,438,52,84.22131350681538,14.309963099630997,70.26989795918367,7.280102040816327,635,0.5399401964972234,0.1187214611872146,0.04113924050632911,0.332
665487,2024,"Tatis Jr., Fernando",1551,795,303,42,85.82576335877862,14.851145038167939,71.98158640226629,7.225920679886686,438,0.5125725338491296,0.13861386138613863,0.052830188679245285,0.359
665487,2025,"Tatis Jr., Fernando",2658,1209,467,51,85.88923654568211,13.237797246558198,71.25138408304498,7.154152249134949,692,0.4548532731376975,0.10920770877944326,0.04218362282878412,0.353
665489,2023,"Guerrero Jr., Vladimir",2466,1234,506,58,84.81868008948545,14.477678571428571,74.21050505050505,7.529494949494949,682,0.5004055150040552,0.11462450592885376,0.04700162074554295,0.34
665489,2024,"Guerrero Jr., Vladimir",2643,1249,524,66,86.13450854700854,13.551172707889126,74.55547826086956,7.7032173913043485,697,0.47256905032160423,0.12595419847328243,0.05284227381905524,0.398
665489,2025,"Guerrero Jr., Vladimir",2533,1056,499,58,86.08974358974359,12.555414012738854,75.21279527559055,7.569488188976378,680,0.4168969601263324,0.11623246492985972,0.054924242424242424,0.366
665742,2023,"Soto, Juan",2937,1038,445,59,86.24530244530246,14.403598971722365,72.29566160520608,7.196963123644252,709,0.3534218590398366,0.13258426966292136,0.05684007707129094,0.395
665742,2024,"Soto, Juan",2977,1101,461,83,87.27922403003755,14.50187265917603,72.93925417075565,7.2094210009813535,714,0.36983540476990256,0.18004338394793926,0.07538601271571299,0.421
665742,2025,"Soto, Juan",3015,1055,447,78,87.46821808510639,17.683930942895085,71.01334641805693,6.966339548577036,716,0.34991708126036486,0.174496644295302,0.07393364928909953,0.39
665833,2023,"Cruz, Oneil",164,73,25,1,83.575,11.666666666666666,,,40,0.4451219512195122,0.04,0.0136986301369863,0.335
665833,2024,"Cruz, Oneil",2404,1102,364,55,86.484107946027,13.177347242921014,76.52572614107883,7.587759336099586,599,0.4584026622296173,0.1510989010989011,0.0499092558983666,0.331
665833,2025,"Cruz, Oneil",2250,929,302,50,86.9238434163701,13.460035523978686,76.14184239733629,7.694117647058823,545,0.4128888888888889,0.16556291390728478,0.05382131324004306,0.295
665862,2023,"Chisholm Jr., Jazz",1548,694,237,28,83.8486146095718,10.984886649874056,70.35887323943662,7.365352112676056,384,0.4483204134366925,0.11814345991561181,0.040345821325648415,0.325
665862,2024,"Chisholm Jr., Jazz",2519,1186,412,38,82.86036745406824,12.799212598425196,69.10749279538905,7.3164265129683,621,0.4708217546645494,0.09223300970873786,0.03204047217537943,0.327
665862,2025,"Chisholm Jr., Jazz",2143,1006,319,51,83.70858995137763,17.297734627831716,71.8913530010173,7.697151576805697,531,0.46943537097526833,0.15987460815047022,0.05069582504970179,0.349
666158,2024,"Lux, Gavin",1941,874,331,17,82.62882165605096,14.347133757961783,69.66777777777779,7.218148148148148,489,0.4502833590932509,0.0513595166163142,0.019450800915331808,0.31
666158,2025,"Lux, Gavin",2052,876,333,13,82.16848673946959,14.429017160686428,67.47768786127168,7.305549132947977,505,0.4269005847953216,0.03903903903903904,0.014840182648401826,0.322
666182,2023,"Bichette, Bo",2230,1259,457,43,82.74744525547446,15.219106957424714,68.52955801104973,7.04171270718232,603,0.5645739910313902,0.09409190371991247,0.03415409054805401,0.349
666182,2024,"Bichette, Bo",1193,669,249,15,82.38886639676113,17.24040404040404,68.55768566493956,7.201554404145077,336,0.5607711651299245,0.060240963855421686,0.02242152466367713,0.264
666182,2025,"Bichette, Bo",2320,1225,494,38,84.71509433962264,15.880503144654089,67.06579861111112,7.114236111111111,630,0.5280172413793104,0.07692307692307693,0.031020408163265307,0.361
666185,2023,"Carlson, Dylan",1047,482,173,9,82.33892045454546,20.96600566572238,67.8,6.933620689655172,256,0.4603629417382999,0.05202312138728324,0.01867219917012448,0.293
666185,2024,"Carlson, Dylan",1112,535,163,7,80.74256559766764,22.06122448979592,65.87104247104247,7.011776061776062,266,0.48111510791366907,0.04294478527607362,0.013084112149532711,0.257
666185,2025,"Carlson, Dylan",1021,462,164,10,81.81454005934718,21.59940652818991,66.46584821428571,6.786160714285714,242,0.4524975514201763,0.06097560975609756,0.021645021645021644,0.273
666969,2023,"García, Adolis",2565,1245,386,63,84.76625,20.1975,71.58605150214592,7.778540772532189,632,0.4853801169590643,0.16321243523316062,0.05060240963855422,0.354
666969,2024,"García, Adolis",2542,1319,409,46,84.20149625935163,18.070807453416148,70.30244299674267,7.75342019543974,637,0.518882769472856,0.11246943765281174,0.034874905231235785,0.296
666969,2025,"García, Adolis",2154,1122,379,44,84.40983606557377,21.313778990450206,70.41167420814479,7.494570135746606,549,0.520891364902507,0.11609498680738786,0.0392156862745098,0.286
666971,2023,"Gurriel Jr., Lourdes",2226,1088,450,34,82.92700119474313,16.104513064133016,67.8645788336933,7.2252699784017285,593,0.4887690925426775,0.07555555555555556,0.03125,0.329
666971,2024,"Gurriel Jr., Lourdes",2089,1064,417,28,82.05533742331289,17.861689106487148,68.68569979716025,7.405375253549695,554,0.5093346098611776,0.0671462829736211,0.02631578947368421,0.327
666971,2025,"Gurriel Jr., Lourdes",1998,1042,433,34,82.61536491677336,18.350832266325224,68.72760975609756,7.408195121951219,547,0.5215215215215215,0.07852193995381063,0.03262955854126679,0.307
668227,2023,"Arozarena, Randy",2685,1153,400,57,84.90494148244474,14.367055771725033,70.70863157894736,7.414526315789474,655,0.42942271880819366,0.1425,0.049436253252385085,0.347
668227,2024,"Arozarena, Randy",2776,1136,384,35,83.23860845839017,15.763265306122449,70.28423507462686,7.277985074626866,650,0.4092219020172911,0.09114583333333333,0.030809859154929578,0.32
668227,2025,"Arozarena, Randy",2881,1264,427,49,84.59392857142856,17.555291319857314,70.08211046990932,7.390766694146744,712,0.43873654980909405,0.11475409836065574,0.038765822784810125,0.332
668715,2023,"Steer, Spencer",2688,1176,447,35,82.86498194945848,18.12589928057554,69.61615969581749,7.362357414448669,667,0.4375,0.07829977628635347,0.02976190476190476,0.355
668715,2024,"Steer, Spencer",2630,1167,439,25,82.2358401880141,20.253801169590645,69.8063578564941,7.313896457765668,658,0.4437262357414449,0.05694760820045558,0.021422450728363324,0.316
668715,2025,"Steer, Spencer",2316,1111,383,28,81.40026178010471,21.89947780678851,68.92178669097538,7.308933454876937,568,0.479706390328152,0.0731070496083551,0.025202520252025202,0.316
668804,2023,"Reynolds, Bryan",2534,1196,442,51,84.82661691542289,13.711442786069652,68.00684210526316,6.831578947368421,640,0.47198105761641673,0.11538461538461539,0.042642140468227424,0.338
668804,2024,"Reynolds, Bryan",2616,1313,469,43,83.80034285714287,11.964611872146119,69.69225061830173,6.767023907666941,692,0.5019113149847095,0.09168443496801706,0.03274942878903275,0.343
668804,2025,"Reynolds, Bryan",2636,1305,417,44,84.94457687723481,10.819262782401902,69.91079590228527,6.841686367218283,654,0.4950682852807284,0.10551558752997602,0.03371647509578544,0.315
668939,2023,"Rutschman, Adley",2929,1192,492,36,82.74731861198738,18.082018927444796,68.6048417132216,6.812849162011173,687,0.40696483441447595,0.07317073170731707,0.030201342281879196,0.352
668939,2024,"Rutschman, Adley",2605,1153,475,28,83.0599555061179,20.753333333333334,67.53895508707608,6.908432630614116,639,0.44261036468330134,0.05894736842105263,0.024284475281873375,0.309
668939,2025,"Rutschman, Adley",1491,605,267,22,84.44569672131148,18.231083844580777,68.17555555555555,6.812820512820513,367,0.4057679409792086,0.08239700374531835,0.03636363636363636,0.298
669004,2023,"Melendez, MJ",2450,1169,367,40,85.7656338028169,20.719718309859154,70.45528455284553,7.605894308943089,603,0.47714285714285715,0.10899182561307902,0.03421727972626176,0.31
669004,2024,"Melendez, MJ",1849,968,299,27,84.01987381703469,23.28706624605678,71.20956989247311,7.634838709677419,451,0.5235262303948081,0.0903010033444816,0.027892561983471075,0.292
669004,2025,"Melendez, MJ",255,122,37,4,84.38529411764705,22.441176470588236,69.8111111111111,7.62991452991453,66,0.47843137254901963,0.10810810810810811,0.03278688524590164,0.151
669221,2023,"Murphy, Sean",1751,802,273,44,85.21824817518248,14.742700729927007,72.28401360544218,7.69421768707483,438,0.45802398629354657,0.16117216117216118,0.05486284289276808,0.366
669221,2024,"Murphy, Sean",1071,486,167,17,82.44335443037974,16.227848101265824,70.9609243697479,7.822689075630252,264,0.453781512605042,0.10179640718562874,0.03497942386831276,0.281
669221,2025,"Murphy, Sean",1362,650,189,25,81.88039215686274,16.002450980392158,70.12848200312989,7.749765258215963,337,0.47723935389133626,0.13227513227513227,0.038461538461538464,0.309
669242,2023,"Edman, Tommy",1816,826,402,21,83.83267175572519,11.91908396946565,69.66339285714287,6.84375,528,0.45484581497797355,0.05223880597014925,0.025423728813559324,0.306
669242,2024,"Edman, Tommy",567,262,111,4,82.43385416666666,14.015625,68.14541984732824,6.758396946564885,153,0.4620811287477954,0.036036036036036036,0.015267175572519083,0.307
669242,2025,"Edman, Tommy",1338,642,291,14,83.50292275574112,13.01043841336117,68.9755591054313,6.802396166134185,377,0.4798206278026906,0.048109965635738834,0.021806853582554516,0.284
669257,2023,"Smith, Will",2305,1048,387,30,82.72481389578164,23.960346964064435,66.9408203125,7.164453125,554,0.4546637744034707,0.07751937984496124,0.02862595419847328,0.345
669257,2024,"Smith, Will",2294,1050,379,36,82.96841432225064,24.669220945083016,65.7953091684435,7.1023454157782515,547,0.45771578029642546,0.09498680738786279,0.03428571428571429,0.326
669257,2025,"Smith, Will",1931,747,278,29,85.37541284403669,25.40366972477064,67.65566298342542,7.187707182320442,438,0.38684619368203005,0.10431654676258993,0.038821954484605084,0.389
669357,2023,"Gorman, Nolan",1891,925,260,44,83.89873873873874,22.868468468468468,72.4875,7.460197368421053,464,0.48915917503966155,0.16923076923076924,0.04756756756756757,0.345
669357,2024,"Gorman, Nolan",1601,814,216,32,82.73708609271523,23.491189427312776,70.90326704545454,7.426704545454545,404,0.5084322298563397,0.14814814814814814,0.03931203931203931,0.29
669357,2025,"Gorman, Nolan",1663,784,219,23,82.85271966527196,23.952083333333334,70.44371727748691,7.48390052356021,403,0.4714371617558629,0.1050228310502283,0.029336734693877552,0.292
669720,2023,"Hays, Austin",2128,988,384,37,83.43033033033034,13.12143928035982,70.05257270693512,7.03668903803132,566,0.4642857142857143,0.09635416666666667,0.03744939271255061,0.33
669720,2024,"Hays, Austin",850,460,179,11,83.50230263157896,15.990131578947368,70.9661938534279,7.117494089834515,255,0.5411764705882353,0.061452513966480445,0.02391304347826087,0.303
669720,2025,"Hays, Austin",1564,811,279,32,83.34774066797642,14.25147347740668,69.7,6.995843828715365,417,0.518542199488491,0.11469534050179211,0.03945745992601726,0.327
670541,2023,"Alvarez, Yordan",1934,834,322,58,85.70246710526315,18.179276315789473,75.67170731707317,7.55170731707317,496,0.4312306101344364,0.18012422360248448,0.06954436450839328,0.415
670541,2024,"Alvarez, Yordan",2328,1083,461,74,85.6743961352657,22.594202898550726,75.21972111553785,7.503386454183267,635,0.4652061855670103,0.16052060737527116,0.06832871652816251,0.402
670541,2025,"Alvarez, Yordan",824,353,138,19,85.66023166023166,25.07335907335907,74.83160919540231,7.655172413793103,199,0.42839805825242716,0.13768115942028986,0.053824362606232294,0.338
670623,2023,"Paredes, Isaac",2367,1080,389,38,83.75041716328964,19.569560047562426,66.49959514170041,8.006882591093117,574,0.45627376425855515,0.09768637532133675,0.03518518518518519,0.362
670623,2024,"Paredes, Isaac",2862,1276,443,42,82.50613861386138,21.972332015810277,66.61237373737374,7.903282828282829,642,0.44584206848357794,0.09480812641083522,0.032915360501567396,0.327
670623,2025,"Paredes, Isaac",1944,795,304,32,83.67385103011092,24.27172195892575,67.21491712707181,7.9247237569060776,439,0.4089506172839506,0.10526315789473684,0.04025157232704402,0.353
670770,2023,"Friedl, TJ",2199,924,409,14,79.27345767575322,16.735714285714284,65.34717832957111,6.449661399548532,556,0.4201909959072306,0.034229828850855744,0.015151515151515152,0.353
670770,2024,"Friedl, TJ",1287,558,251,10,80.79636363636364,17.772727272727273,67.80541044776119,6.615111940298507,342,0.43356643356643354,0.0398406374501992,0.017921146953405017,0.305
670770,2025,"Friedl, TJ",2647,1037,473,17,81.06039850560398,16.34246575342466,66.6758382642998,6.487278106508876,687,0.3917642614280317,0.035940803382663845,0.01639344262295082,0.333
671739,2023,"Harris II, Michael",1958,1034,408,43,84.2101788170564,13.703703703703704,71.78899613899614,7.7656370656370655,539,0.5280898876404494,0.1053921568627451,0.041586073500967116,0.345
671739,2024,"Harris II, Michael",1691,928,349,38,84.46111111111111,14.942989214175656,73.08410438908659,7.9970344009489915,470,0.5487876995860438,0.10888252148997135,0.040948275862068964,0.312
671739,2025,"Harris II, Michael",2181,1240,494,45,84.25344827586207,12.567816091954024,72.01931723563696,7.88984179850125,642,0.5685465382851903,0.09109311740890688,0.036290322580645164,0.289
672284,2023,"Kelenic, Jarred",1685,779,242,23,83.67447257383965,11.206315789473685,70.50500000000001,7.059285714285714,416,0.4623145400593472,0.09504132231404959,0.029525032092426188,0.321
672284,2024,"Kelenic, Jarred",1762,877,283,25,83.6226168224299,18.62803738317757,70.83584672435104,7.217428924598269,450,0.4977298524404086,0.08833922261484099,0.028506271379703536,0.294
672284,2025,"Kelenic, Jarred",258,130,37,5,82.74558823529412,14.029411764705882,71.91395348837209,7.193023255813953,65,0.5038759689922481,0.13513513513513514,0.038461538461538464,0.236
672386,2023,"Kirk, Alejandro",1731,717,329,11,82.49453642384105,16.264462809917354,68.33578947368422,7.040701754385965,423,0.41421143847487,0.03343465045592705,0.015341701534170154,0.308
672386,2024,"Kirk, Alejandro",1501,696,298,22,83.57722419928825,19.914590747330962,68.35455999999999,6.9184,386,0.463690872751499,0.0738255033557047,0.031609195402298854,0.297
672386,2025,"Kirk, Alejandro",1985,934,398,37,84.80192043895748,20.05068493150685,70.82516198704104,7.092980561555076,506,0.47052896725440807,0.09296482412060302,0.03961456102783726,0.334
672695,2023,"Perdomo, Geraldo",2071,806,339,4,79.09107981220657,18.015625,60.967878787878796,6.310909090909091,495,0.38918396909705455,0.011799410029498525,0.004962779156327543,0.319
672695,2024,"Perdomo, Geraldo",1580,640,291,12,81.28413001912045,16.27151051625239,62.90939130434783,6.529913043478261,388,0.4050632911392405,0.041237113402061855,0.01875,0.317
672695,2025,"Perdomo, Geraldo",3009,1195,533,39,81.77266260162602,19.374619289340103,65.24415584415584,6.667272727272727,723,0.39714190761050183,0.07317073170731707,0.032635983263598324,0.37
673357,2023,"Robert Jr., Luis",2219,1282,376,60,82.73282247765006,17.205357142857142,74.23360655737704,7.948360655737705,596,0.5777377196935557,0.1595744680851064,0.046801872074883,0.358
673357,2024,"Robert Jr., Luis",1617,854,253,26,82.73838582677165,16.066929133858267,72.84136191677175,7.724968474148802,425,0.5281385281385281,0.10276679841897234,0.03044496487119438,0.285
673357,2025,"Robert Jr., Luis",1538,813,274,29,83.33090551181103,18.907662082514733,73.30944099378881,7.768695652173913,431,0.5286085825747724,0.10583941605839416,0.03567035670356704,0.289
673490,2023,"Kim, Ha-Seong",2735,1060,424,21,80.95897435897434,20.85958485958486,64.8342799188641,6.762880324543611,626,0.3875685557586837,0.049528301886792456,0.01981132075471698,0.33
673490,2024,"Kim, Ha-Seong",1993,753,333,17,81.46172006745363,18.038655462184874,66.53987915407855,6.658761329305136,470,0.37782237832413446,0.05105105105105105,0.02257636122177955,0.308
673490,2025,"Kim, Ha-Seong",790,316,134,9,83.22698412698414,20.73913043478261,68.45097402597403,6.906818181818182,191,0.4,0.06716417910447761,0.028481012658227847,0.288
673548,2023,"Suzuki, Seiya",2458,1000,392,36,83.89960053262317,18.63563829787234,70.55731958762887,7.043298969072165,587,0.40683482506102525,0.09183673469387756,0.036,0.358
673548,2024,"Suzuki, Seiya",2520,994,356,36,83.42782485875706,22.320169252468265,70.73100529100529,7.1153439153439155,585,0.39444444444444443,0.10112359550561797,0.03621730382293763,0.365
673548,2025,"Suzuki, Seiya",2731,1108,415,62,83.90287500000001,21.815230961298376,71.1496809480401,7.151777575205105,651,0.40571219333577446,0.1493975903614458,0.05595667870036101,0.343
676801,2023,"McCormick, Chas",1807,888,289,27,81.67061946902655,16.151943462897528,68.9946,7.318,457,0.4914222468179303,0.09342560553633218,0.030405405405405407,0.362
676801,2024,"McCormick, Chas",1011,537,174,13,80.71381381381381,20.51051051051051,68.44411764705883,7.316806722689076,267,0.5311572700296736,0.07471264367816093,0.024208566108007448,0.257
676801,2025,"McCormick, Chas",433,239,75,6,79.38057553956834,19.31654676258993,67.29561403508772,7.455701754385966,116,0.5519630484988453,0.08,0.02510460251046025,0.257
677594,2023,"Rodríguez, Julio",2543,1353,481,58,85.07769145394006,12.396017699115044,75.09466192170818,7.841459074733096,714,0.5320487613055447,0.12058212058212059,0.04286770140428677,0.347
677594,2024,"Rodríguez, Julio",2389,1295,413,43,84.24802395209582,15.89354066985646,74.38822553897181,7.804228855721393,615,0.5420678107994977,0.10411622276029056,0.033204633204633204,0.321
677594,2025,"Rodríguez, Julio",2521,1382,502,55,85.11504329004329,14.04,74.89021657953697,7.584241971620612,710,0.5481951606505355,0.10956175298804781,0.03979739507959479,0.341
677951,2023,"Witt Jr., Bobby",2710,1363,529,60,83.28559919436053,23.241691842900302,73.68890814558058,7.017850953206239,694,0.5029520295202952,0.11342155009451796,0.04402054292002935,0.343
677951,2024,"Witt Jr., Bobby",2624,1330,538,78,85.46744186046512,22.78002018163471,73.19991796554552,7.026743232157506,710,0.506859756097561,0.1449814126394052,0.058646616541353384,0.41
677951,2025,"Witt Jr., Bobby",2542,1283,505,60,85.65362946912244,23.595238095238095,72.68896156991006,6.960997547015535,687,0.504720692368214,0.1188118811881188,0.04676539360872954,0.36
679529,2023,"Torkelson, Spencer",2824,1301,440,75,85.56778149386845,18.257238307349667,73.84268502581756,7.6086058519793465,686,0.4606940509915014,0.17045454545454544,0.05764796310530361,0.326
679529,2024,"Torkelson, Spencer",1595,733,238,18,82.86247464503042,22.442190669371197,72.0185520361991,7.487330316742082,383,0.45956112852664577,0.07563025210084033,0.02455661664392906,0.295
679529,2025,"Torkelson, Spencer",2657,1174,399,55,84.66285362853628,22.391143911439116,71.61824500434405,7.734839270199825,649,0.44185171245765903,0.13784461152882205,0.046848381601362864,0.339
680757,2023,"Kwan, Steven",2851,1171,570,6,80.34110127826942,17.710914454277287,62.331034482758625,6.301419878296146,718,0.41073307611364435,0.010526315789473684,0.005123825789923143,0.313
680757,2024,"Kwan, Steven",2167,846,431,15,80.96750330250991,20.87467018469657,62.61208053691275,6.339328859060403,543,0.3904014766958929,0.03480278422273782,0.01773049645390071,0.349
680757,2025,"Kwan, Steven",2794,1168,575,15,80.43446932814021,21.037000973709834,61.479719626168226,6.171869158878504,698,0.4180386542591267,0.02608695652173913,0.012842465753424657,0.31
680776,2023,"Duran, Jarren",1405,720,244,11,82.57544204322201,17.32549019607843,72.45962441314553,7.674647887323944,363,0.5124555160142349,0.045081967213114756,0.015277777777777777,0.354
680776,2024,"Duran, Jarren",2852,1373,515,45,83.05035605289929,15.842639593908629,71.81527446300716,7.468894192521877,737,0.48141654978962134,0.08737864077669903,0.03277494537509104,0.357
680776,2025,"Duran, Jarren",2631,1238,455,38,84.35615763546798,18.315724815724817,73.03175394846218,7.394098088113051,697,0.47054351957430635,0.08351648351648351,0.030694668820678513,0.335
682829,2023,"De La Cruz, Elly",1768,798,246,24,83.05259117082534,8.340996168582375,75.00250000000001,7.4423076923076925,429,0.4513574660633484,0.0975609756097561,0.03007518796992481,0.305
682829,2024,"De La Cruz, Elly",2762,1193,403,53,84.09639889196676,13.720994475138122,72.7276268115942,7.161503623188406,697,0.43193338160753075,0.1315136476426799,0.04442581726739313,0.349
682829,2025,"De La Cruz, Elly",2718,1223,449,50,84.78311855670103,11.933333333333334,72.48220551378446,7.101169590643275,701,0.44996320824135394,0.111358574610245,0.04088307440719542,0.333
682928,2023,"Abrams, CJ",2223,1183,451,33,81.2309976247031,18.17814726840855,69.79341864716636,7.178610603290676,616,0.5321637426900585,0.07317073170731707,0.027895181741335588,0.306
682928,2024,"Abrams, CJ",2273,1204,418,30,81.60884109916368,17.30310262529833,69.80930640913081,7.389727831431079,605,0.5296964364276286,0.07177033492822966,0.024916943521594685,0.322
682928,2025,"Abrams, CJ",2324,1173,459,39,83.51184371184371,19.00365408038977,70.27621951219513,7.5095818815331015,639,0.5047332185886403,0.08496732026143791,0.03324808184143223,0.324
683002,2023,"Henderson, Gunnar",2414,1125,404,45,84.32279792746114,15.744818652849741,74.14492254733219,7.2304647160068845,622,0.4660314830157415,0.11138613861386139,0.04,0.346
683002,2024,"Henderson, Gunnar",2907,1281,475,54,84.9713325867861,13.825892857142858,74.72575387123064,7.161206193969029,719,0.4406604747162023,0.11368421052631579,0.04215456674473068,0.381
683002,2025,"Henderson, Gunnar",2528,1191,445,33,84.48888888888888,15.9236276849642,73.5056603773585,7.219725557461407,651,0.471123417721519,0.07415730337078652,0.027707808564231738,0.339
683011,2023,"Volpe, Anthony",2337,1119,377,37,82.92413333333333,17.96671105193076,68.59083333333334,7.095,601,0.47881899871630296,0.09814323607427056,0.03306523681858802,0.29
683011,2024,"Volpe, Anthony",2803,1345,486,15,81.60413650465357,16.397104446742503,66.82355273592387,7.011895321173672,691,0.47984302533000356,0.030864197530864196,0.011152416356877323,0.287
683011,2025,"Volpe, Anthony",2398,1101,399,40,83.9791884816754,16.856020942408378,70.47721402214023,7.196494464944649,597,0.4591326105087573,0.10025062656641603,0.03633060853769301,0.286
683734,2023,"Vaughn, Andrew",2318,1100,439,39,84.31944444444444,16.197732997481108,68.73738738738739,7.5545045045045045,616,0.4745470232959448,0.0888382687927107,0.035454545454545454,0.321
683734,2024,"Vaughn, Andrew",2338,1154,443,46,84.23258823529412,20.368852459016395,69.45819521178638,7.464917127071823,620,0.49358426005132594,0.1038374717832957,0.03986135181975736,0.304
683734,2025,"Vaughn, Andrew",1722,807,333,42,85.49484193011648,19.75207986688852,69.03573232323232,7.164015151515151,447,0.4686411149825784,0.12612612612612611,0.05204460966542751,0.311
694192,2024,"Chourio, Jackson",2122,1027,410,30,84.0796586059744,13.982954545454545,71.12717733473242,7.3065057712486885,573,0.4839773798303487,0.07317073170731707,0.029211295034079845,0.339
694192,2025,"Chourio, Jackson",2114,1125,435,39,83.48005082592123,17.53680203045685,71.40703971119133,7.387003610108303,590,0.532166508987701,0.0896551724137931,0.034666666666666665,0.328
701538,2024,"Merrill, Jackson",2218,1260,462,56,83.10148619957538,19.266454352441613,70.15918189730199,7.446388163620539,594,0.5680793507664562,0.12121212121212122,0.044444444444444446,0.352
701538,2025,"Merrill, Jackson",1708,995,338,47,82.98472834067547,19.95601173020528,70.18565400843882,7.356118143459916,485,0.582552693208431,0.1390532544378698,0.04723618090452261,0.331
807799,2023,"Yoshida, Masataka",2198,952,458,29,84.40780619111709,8.068364611260053,69.80632603406326,7.298540145985401,581,0.43312101910828027,0.06331877729257641,0.03046218487394958,0.339
807799,2024,"Yoshida, Masataka",1594,724,328,19,83.05361344537815,14.050420168067227,69.53258594917789,7.212556053811659,422,0.45420326223337515,0.057926829268292686,0.026243093922651933,0.336
807799,2025,"Yoshida, Masataka",715,318,168,12,85.51615384615386,7.823076923076923,70.09652996845425,7.2271293375394325,205,0.44475524475524475,0.07142857142857142,0.03773584905660377,0.302
